[{"name":"Avatar","settings":[{"type":"header","content":"Popup"},{"type":"text","id":"avatarPopupTitle","label":"Title","default":"CHANGE MY AVATAR"},{"type":"richtext","id":"avatarPopupText","label":"Text","default":"<p>Lorem, ipsum dolor sit amet consectetur adipisicing elit. Impedit et dolor rerum optio possimus vero, unde culpa eos.<\/p>"},{"type":"header","content":"Default Avatar"},{"type":"image_picker","id":"avatarDefaultImage","label":"Image","info":"Upload an image to show as the default selected avatar"},{"type":"header","content":"Avatar 1"},{"type":"image_picker","id":"avatar1Image","label":"Image","info":"Upload avatar image"},{"type":"header","content":"Avatar 2"},{"type":"image_picker","id":"avatar2Image","label":"Image","info":"Upload avatar image"},{"type":"header","content":"Avatar 3"},{"type":"image_picker","id":"avatar3Image","label":"Image","info":"Upload avatar image"},{"type":"header","content":"Avatar 4"},{"type":"image_picker","id":"avatar4Image","label":"Image","info":"Upload avatar image"},{"type":"header","content":"Avatar 5"},{"type":"image_picker","id":"avatar5Image","label":"Image","info":"Upload avatar image"},{"type":"header","content":"Avatar 6"},{"type":"image_picker","id":"avatar6Image","label":"Image","info":"Upload avatar image"}]},{"name":"Blog","settings":[{"type":"header","content":"Default Article Hero Image"},{"type":"image_picker","id":"blogArticleHeroImageDesktop","label":"Desktop"},{"type":"image_picker","id":"blogArticleHeroImageMobile","label":"Mobile"}]},{"name":"Bundle","settings":[{"type":"paragraph","content":"The below are global settings for the product links"},{"type":"header","content":"Product Type 1"},{"type":"text","id":"bundle_product_type_1","label":"Product Type"},{"type":"collection","id":"bundle_collection_1","label":"Redirect  Collection","info":"Choose a bundle collection to redirect product card links to."},{"type":"header","content":"Product Type 2"},{"type":"text","id":"bundle_product_type_2","label":"Product Type"},{"type":"collection","id":"bundle_collection_2","label":"Redirect  Collection","info":"Choose a bundle collection to redirect product card links to."}]},{"name":"Business Information","settings":[{"type":"paragraph","content":"The business details here are used on the website and also SEO"},{"type":"header","content":"Logo"},{"type":"image_picker","id":"companyLogo","label":"Company Logo","info":"Used for rich snippet schema"},{"type":"image_picker","id":"favicon","label":"Favicon"},{"type":"text","id":"foundingYear","label":"Founding Year","placeholder":"YYYY"},{"type":"header","content":"Contact Information"},{"type":"text","id":"emailGeneral","label":"Email: General"},{"type":"text","id":"emailSales","label":"Email: Sales"},{"type":"text","id":"phone","label":"Phone number"},{"type":"text","id":"phone2","label":"Phone number 2"},{"type":"header","content":"Address"},{"type":"text","id":"addressL1","label":"Address Line 1"},{"type":"text","id":"addressL2","label":"Address Line 2"},{"type":"text","id":"addressL3","label":"Address Line 3"},{"type":"text","id":"postCode","label":"Post Code"},{"type":"text","id":"country","label":"Country"},{"type":"text","id":"businessPhoneNumber","label":"Phone Number","info":"Enter your business phone number that you would like to be used across the site"}]},{"name":"Cart Drawer","settings":[{"type":"text","id":"cartDrawerTitle","label":"Title","default":"My basket"}]},{"name":"Collection","settings":[{"type":"header","content":"Default A Block Image"},{"type":"image_picker","id":"collectionABlockImageDesktop","label":"Desktop"},{"type":"image_picker","id":"collectionABlockImageMobile","label":"Mobile"}]},{"name":"Cookie Notice","settings":[{"type":"checkbox","id":"cookieNoticeShowAtBottom","label":"Show On Bottom","default":true,"info":"Show notice at bottom of the screen"},{"type":"richtext","id":"cookieNoticeText","label":"Text","default":"<p>By using domain.co.uk you agree to our use of cookies for personalised content, according to Our Data Promise<\/p>"},{"type":"color","id":"cookieNoticeBgColor","label":"Background Colour","default":"#000000"},{"type":"color","id":"cookieNoticeTextColor","label":"Text Colour","default":"#ffffff"},{"type":"color","id":"cookieNoticeButtonBgColor","label":"Button Background Colour","default":"#ffffff"},{"type":"color","id":"cookieNoticeButtonTextColor","label":"Button Text Colour","default":"#000000"}]},{"name":"Delivery & Returns","settings":[{"type":"header","content":"Product Page"},{"type":"richtext","id":"deliveryAndReturns","label":"Delivery & Returns Text"}]},{"name":"Klaviyo","settings":[{"type":"paragraph","content":"Update Klaviyo settings here"},{"type":"textarea","id":"klaviyoFooterHtml","label":"Footer Form HTML"}]},{"name":"Loyalty Lion","settings":[{"type":"header","content":"Product Page Settings"},{"type":"text","id":"loyaltyLionProductPagePointsText","label":"Earn message","default":"You will earn around [points] points"},{"type":"text","id":"loyaltyLionProductPagePointsLoggedInText","label":"Earn message (Logged in user)","default":"You will earn around [points] points"},{"type":"header","content":"Cart Settings"},{"type":"text","id":"loyaltyLionCartPointsText","label":"Cart item points text","default":"points"},{"type":"text","id":"loyaltyLionCartAvailablePointsText","label":"Available points text","default":"You have [points] bubble points! *Redeemable at checkout."}]},{"name":"Menus","settings":[{"type":"link_list","id":"mainMenu","label":"Header Menu","default":"main-menu"},{"type":"link_list","id":"mobileMenu","label":"Mobile Menu","default":"main-menu"},{"type":"header","content":"Footer"},{"type":"link_list","id":"footerMenu1","label":"Menu 1","default":"main-menu"},{"type":"link_list","id":"footerMenu2","label":"Menu 2","default":"main-menu"}]},{"name":"Pre-order","settings":[{"type":"checkbox","id":"preorderTagsActive","label":"Show tags","default":true,"info":"Show pre-order tags on the product card."},{"type":"html","id":"preorder_product_type_disallow_list","label":"Product type disallow list","info":"Enter a comma separated list of the product types that you would not like the preorder to show on."},{"type":"header","content":"Messaging"},{"type":"richtext","id":"prorderCartText","label":"Default","default":"<p>Pre-order order shipments take 3 weeks to deliver.<\/p>"},{"type":"header","content":"Custom Product Type Messages"},{"type":"text","id":"preorder_message_1_product_type","label":"1. Product type","info":"Enter a product type that you would like to have a custom message for."},{"type":"richtext","id":"preorder_message_1_text","label":"1. Message"},{"type":"text","id":"preorder_message_2_product_type","label":"2. Product type","info":"Enter a product type that you would like to have a custom message for."},{"type":"richtext","id":"preorder_message_2_text","label":"2. Message"}]},{"name":{"da":"Sociale medier","de":"Social Media","en":"Social media","es":"Redes sociales","fi":"Some","fr":"MÃ©dias sociaux","hi":"à¤¸à¥‹à¤¶à¤² à¤®à¥€à¤¡à¤¿à¤¯à¤¾","it":"Social media","ja":"ã‚½ãƒ¼ã‚·ãƒ£ãƒ«ãƒ¡ãƒ‡ã‚£ã‚¢","ko":"ì†Œì…œ ë¯¸ë””ì–´","nb":"Sosiale medier","nl":"Social media","pt-BR":"Redes sociais","pt-PT":"Redes sociais","sv":"Sociala medier","th":"à¹‚à¸‹à¹€à¸Šà¸µà¸¢à¸¥à¸¡à¸µà¹€à¸”à¸µà¸¢","zh-CN":"ç¤¾äº¤åª’ä½“","zh-TW":"ç¤¾äº¤åª’é«”"},"settings":[{"type":"textarea","id":"ig_access_token","label":"Instagram Access Token","info":"A instagram access token can be generated [here](http:\/\/apex-dev.co.uk\/ig)"},{"type":"header","content":{"da":"Billede til deling pÃ¥ sociale medier","de":"Social-Media-Button","en":"Social sharing image","es":"Imagen de redes sociales","fi":"Some-jakamiskuva","fr":"Image de partage social","hi":"à¤¸à¥‹à¤¶à¤² à¤¶à¥‡à¤¯à¤°à¤¿à¤‚à¤— à¤‡à¤®à¥‡à¤œ","it":"Immagine per condivisione social","ja":"SNSã§ã‚·ã‚§ã‚¢ã™ã‚‹ç”»åƒ","ko":"ì†Œì…œ ê³µìœ  ì´ë¯¸ì§€","nb":"Bilde for deling pÃ¥ sosiale medier","nl":"Afbeelding voor delen via social media.","pt-BR":"Imagem de compartilhamento em redes sociais","pt-PT":"Imagem de partilha nas redes sociais","sv":"Bild fÃ¶r social delning","th":"à¸£à¸¹à¸›à¸ à¸²à¸žà¸ªà¸³à¸«à¸£à¸±à¸šà¹à¸Šà¸£à¹Œà¸¥à¸‡à¹‚à¸‹à¹€à¸Šà¸µà¸¢à¸¥","zh-CN":"ç¤¾äº¤åˆ†äº«å›¾ç‰‡","zh-TW":"ç¤¾ç¾¤åˆ†äº«åœ–ç¤º"}},{"type":"image_picker","id":"share_image","label":{"da":"Billede","de":"Foto","en":"Image","es":"Imagen","fi":"Kuva","fr":"Image","hi":"à¤‡à¤®à¥‡à¤œ","it":"Immagine","ja":"ç”»åƒ","ko":"ì´ë¯¸ì§€","nb":"Bilde","nl":"Afbeelding","pt-BR":"Imagem","pt-PT":"Imagem","sv":"Bild","th":"à¸£à¸¹à¸›à¸ à¸²à¸ž","zh-CN":"å›¾ç‰‡","zh-TW":"åœ–ç‰‡"},"info":{"da":"Vis ved deling af link pÃ¥ sociale medier. [FÃ¥ mere at vide](https:\/\/help.shopify.com\/manual\/using-themes\/troubleshooting\/showing-social-media-thumbnail-images\/) om miniaturebilleder.","de":"Wird angezeigt, wenn ein Link in den sozialen Medien geteilt wird. [Mehr Informationen](https:\/\/help.shopify.com\/manual\/using-themes\/troubleshooting\/showing-social-media-thumbnail-images\/) Ã¼ber Bild-Miniaturansichten.","en":"Shown when sharing a link on social media. [Learn more](https:\/\/help.shopify.com\/manual\/using-themes\/troubleshooting\/showing-social-media-thumbnail-images\/) about image thumbnails.","es":"Aparece cuando se comparte un enlace en una red social. [MÃ¡s informaciÃ³n sobre las miniaturas ](https:\/\/help.shopify.com\/manual\/using-themes\/troubleshooting\/showing-social-media-thumbnail-images\/).","fi":"NÃ¤kyy, kun jaat linkin sosiaaliseen mediaan. [LisÃ¤tietoja](https:\/\/help.shopify.com\/manual\/using-themes\/troubleshooting\/showing-social-media-thumbnail-images\/) kuvien pikkukuvista.","fr":"S'affiche lorsqu'un lien est partagÃ© sur les rÃ©seaux sociaux. [En savoir plus sur](https:\/\/help.shopify.com\/manual\/using-themes\/troubleshooting\/showing-social-media-thumbnail-images\/) les images miniatures.","hi":"à¤¸à¥‹à¤¶à¤² à¤®à¥€à¤¡à¤¿à¤¯à¤¾ à¤ªà¤° à¤²à¤¿à¤‚à¤• à¤¶à¥‡à¤¯à¤° à¤•à¤°à¤¤à¥‡ à¤¸à¤®à¤¯ à¤¦à¤¿à¤–à¤¾à¤¨à¤¾. [à¤‡à¤®à¥‡à¤œ à¤¥à¤‚à¤¬à¤¨à¥‡à¤² à¤•à¥‡ à¤¬à¤¾à¤°à¥‡ à¤®à¥‡à¤‚](https:\/\/help.shopify.com\/manual\/using-themes\/troubleshooting\/showing-social-media-thumbnail-images\/) à¤”à¤° à¤…à¤§à¤¿à¤• à¤œà¤¾à¤¨à¥‡à¤‚ .","it":"Mostrata quando si condivide un link sui social media. [Maggiori informazioni](https:\/\/help.shopify.com\/manual\/using-themes\/troubleshooting\/showing-social-media-thumbnail-images\/) sulle immagini di anteprima.","ja":"ã‚½ãƒ¼ã‚·ãƒ£ãƒ«ãƒ¡ãƒ‡ã‚£ã‚¢ã§ãƒªãƒ³ã‚¯ã‚’å…±æœ‰ã™ã‚‹ã¨è¡¨ç¤ºã•ã‚Œã¾ã™ã€‚[ã‚µãƒ ãƒã‚¤ãƒ«ç”»åƒ](https:\/\/help.shopify.com\/manual\/using-themes\/troubleshooting\/showing-social-media-thumbnail-images\/)ã«é–¢ã™ã‚‹è©³ç´°ã‚’ã”è¦§ãã ã•ã„ã€‚","ko":"ì†Œì…œ ë¯¸ë””ì–´ì—ì„œ ë§í¬ ê³µìœ  ì‹œ í‘œì‹œ ì´ë¯¸ì§€ ì¸ë„¤ì¼ì— ëŒ€í•´ ìžì„¸ížˆ ì•Œì•„ë³´ê¸° ](https:\/\/help.shopify.com\/manual\/using-themes\/troubleshooting\/showing-social-media-thumbnail-images\/)","nb":"Vist nÃ¥r en kobling deles i sosiale medier. [Finn ut mer](https:\/\/help.shopify.com\/manual\/using-themes\/troubleshooting\/showing-social-media-thumbnail-images\/) om miniatyrbilder.","nl":"Wordt weergegeven wanneer je een link deelt via social media. [Meer informatie](https:\/\/help.shopify.com\/manual\/using-themes\/troubleshooting\/showing-social-media-thumbnail-images\/) over miniatuurafbeeldingen.","pt-BR":"Apresentada ao compartilhar um link nas redes sociais. [Saiba mais](https:\/\/help.shopify.com\/manual\/using-themes\/troubleshooting\/showing-social-media-thumbnail-images\/) sobre miniaturas de imagens.","pt-PT":"Apresentada ao partilhar uma ligaÃ§Ã£o nas redes sociais. [Saiba mais](https:\/\/help.shopify.com\/manual\/using-themes\/troubleshooting\/showing-social-media-thumbnail-images\/) sobre miniaturas de imagem.","sv":"Visas nÃ¤r du delar en lÃ¤nk pÃ¥ sociala medier. [LÃ¤s mer](https:\/\/help.shopify.com\/manual\/using-themes\/troubleshooting\/showing-social-media-thumbnail-images\/) om miniatyrbilder.","th":"à¹à¸ªà¸”à¸‡à¹€à¸¡à¸·à¹ˆà¸­à¹à¸Šà¸£à¹Œà¸¥à¸´à¸‡à¸à¹Œà¸šà¸™à¹‚à¸‹à¹€à¸Šà¸µà¸¢à¸¥à¸¡à¸µà¹€à¸”à¸µà¸¢ [à¸”à¸¹à¸‚à¹‰à¸­à¸¡à¸¹à¸¥à¹€à¸žà¸´à¹ˆà¸¡à¹€à¸•à¸´à¸¡](https:\/\/help.shopify.com\/manual\/using-themes\/troubleshooting\/showing-social-media-thumbnail-images\/) à¹€à¸à¸µà¹ˆà¸¢à¸§à¸à¸±à¸šà¸£à¸¹à¸›à¸ à¸²à¸žà¸‚à¸™à¸²à¸”à¸¢à¹ˆà¸­","zh-CN":"åœ¨ç¤¾äº¤åª’ä½“ä¸Šåˆ†äº«é“¾æŽ¥æ—¶æ˜¾ç¤ºã€‚[è¯¦ç»†äº†è§£](https:\/\/help.shopify.com\/manual\/using-themes\/troubleshooting\/showing-social-media-thumbnail-images\/)ç¼©ç•¥å›¾ã€‚","zh-TW":"åœ¨ç¤¾ç¾¤åª’é«”ä¸Šåˆ†äº«é€£çµæ™‚é¡¯ç¤ºã€‚[æ·±å…¥çž­è§£åœ–ç‰‡ç¸®åœ–çš„ç›¸é—œè³‡è¨Šã€‚](https:\/\/help.shopify.com\/manual\/using-themes\/troubleshooting\/showing-social-media-thumbnail-images\/)"}},{"type":"header","content":{"da":"SoMe-konti","de":"Social Media","en":"Social accounts","es":"Cuentas de redes sociales","fi":"Sosiaalisen median tilit","fr":"MÃ©dias sociaux","hi":"à¤¸à¥‹à¤¶à¤² à¤–à¤¾à¤¤à¥‡","it":"Account social","ja":"ã‚½ãƒ¼ã‚·ãƒ£ãƒ«ã‚¢ã‚«ã‚¦ãƒ³ãƒˆ","ko":"ì†Œì…œ ê³„ì •","nb":"Sosiale kontoer","nl":"Socialmedia-accounts","pt-BR":"Contas de redes sociais","pt-PT":"Contas de redes sociais","sv":"Sociala konton","th":"à¸šà¸±à¸à¸Šà¸µà¹‚à¸‹à¹€à¸Šà¸µà¸¢à¸¥à¸¡à¸µà¹€à¸”à¸µà¸¢","zh-CN":"ç¤¾åª’è´¦æˆ·","zh-TW":"ç¤¾ç¾¤å¸³æˆ¶"}},{"type":"text","id":"social_twitter_link","label":{"da":"Twitter","de":"Twitter","en":"Twitter","es":"Twitter","fi":"Twitter","fr":"Twitter","hi":"Twitter","it":"Twitter","ja":"Twitter","ko":"Twitter","nb":"Twitter","nl":"Twitter","pt-BR":"Twitter","pt-PT":"Twitter","sv":"Twitter","th":"Twitter","zh-CN":"Twitter","zh-TW":"Twitter"},"info":{"da":"https:\/\/twitter.com\/shopify","de":"https:\/\/twitter.com\/shopify","en":"https:\/\/twitter.com\/shopify","es":"https:\/\/twitter.com\/shopify","fi":"https:\/\/twitter.com\/shopify","fr":"https:\/\/twitter.com\/shopify","hi":"https:\/\/twitter.com\/shopify","it":"https:\/\/twitter.com\/shopify","ja":"https:\/\/twitter.com\/shopify","ko":"https:\/\/twitter.com\/shopify","nb":"https:\/\/twitter.com\/shopify","nl":"https:\/\/twitter.com\/shopify","pt-BR":"https:\/\/twitter.com\/shopify","pt-PT":"https:\/\/twitter.com\/shopify","sv":"https:\/\/twitter.com\/shopify","th":"https:\/\/twitter.com\/shopify","zh-CN":"https:\/\/twitter.com\/shopify","zh-TW":"https:\/\/twitter.com\/shopify"}},{"type":"text","id":"social_linkedin_link","label":{"da":"LinkedIn","de":"LinkedIn","en":"LinkedIn","es":"LinkedIn","fi":"LinkedIn","fr":"LinkedIn","hi":"LinkedIn","it":"LinkedIn","ja":"LinkedIn","ko":"LinkedIn","nb":"LinkedIn","nl":"LinkedIn","pt-BR":"LinkedIn","pt-PT":"LinkedIn","sv":"LinkedIn","th":"LinkedIn","zh-CN":"LinkedIn","zh-TW":"LinkedIn"},"info":{"da":"https:\/\/linkedin.com\/in\/shopify","de":"https:\/\/linkedin.com\/in\/shopify","en":"https:\/\/linkedin.com\/in\/shopify","es":"https:\/\/linkedin.com\/in\/shopify","fi":"https:\/\/linkedin.com\/in\/shopify","fr":"https:\/\/linkedin.com\/in\/shopify","hi":"https:\/\/linkedin.com\/in\/shopify","it":"https:\/\/linkedin.com\/in\/shopify","ja":"https:\/\/linkedin.com\/in\/shopify","ko":"https:\/\/linkedin.com\/in\/shopify","nb":"https:\/\/linkedin.com\/in\/shopify","nl":"https:\/\/linkedin.com\/in\/shopify","pt-BR":"https:\/\/linkedin.com\/in\/shopify","pt-PT":"https:\/\/linkedin.com\/in\/shopify","sv":"https:\/\/linkedin.com\/in\/shopify","th":"https:\/\/linkedin.com\/in\/shopify","zh-CN":"https:\/\/linkedin.com\/in\/shopify","zh-TW":"https:\/\/linkedin.com\/in\/shopify"}},{"type":"text","id":"social_facebook_link","label":{"da":"Facebook","de":"Facebook","en":"Facebook","es":"Facebook","fi":"Facebook","fr":"Facebook","hi":"Facebook","it":"Facebook","ja":"Facebook","ko":"Facebook","nb":"Facebook","nl":"Facebook","pt-BR":"Facebook","pt-PT":"Facebook","sv":"Facebook","th":"Facebook","zh-CN":"Facebook","zh-TW":"Facebook"},"info":{"da":"https:\/\/facebook.com\/shopify","de":"https:\/\/facebook.com\/shopify","en":"https:\/\/facebook.com\/shopify","es":"https:\/\/www.facebook.com\/ShopifyES\/","fi":"https:\/\/facebook.com\/shopify","fr":"https:\/\/facebook.com\/shopify","hi":"https:\/\/facebook.com\/shopify","it":"https:\/\/facebook.com\/shopify","ja":"https:\/\/facebook.com\/shopify","ko":"https:\/\/facebook.com\/shopify","nb":"https:\/\/facebook.com\/shopify","nl":"https:\/\/facebook.com\/shopify","pt-BR":"https:\/\/facebook.com\/shopify","pt-PT":"https:\/\/facebook.com\/shopify","sv":"https:\/\/www.facebook.com\/shopify","th":"https:\/\/facebook.com\/shopify","zh-CN":"https:\/\/facebook.com\/shopify","zh-TW":"https:\/\/facebook.com\/shopify"}},{"type":"text","id":"social_pinterest_link","label":{"da":"Pinterest","de":"Pinterest","en":"Pinterest","es":"Pinterest","fi":"Pinterest","fr":"Pinterest","hi":"Pinterest","it":"Pinterest","ja":"Pinterest","ko":"Pinterest","nb":"Pinterest","nl":"Pinterest","pt-BR":"Pinterest","pt-PT":"Pinterest","sv":"Pinterest","th":"Pinterest","zh-CN":"Pinterest","zh-TW":"Pinterest"},"info":{"da":"https:\/\/pinterest.com\/shopify","de":"https:\/\/pinterest.com\/shopify","en":"https:\/\/pinterest.com\/shopify","es":"https:\/\/pinterest.com\/shopify","fi":"https:\/\/facebook.com\/shopify","fr":"https:\/\/pinterest.com\/shopify","hi":"https:\/\/pinterest.com\/shopify","it":"https:\/\/pinterest.com\/shopify","ja":"https:\/\/pinterest.com\/shopify","ko":"https:\/\/pinterest.com\/shopify","nb":"https:\/\/pinterest.com\/shopify","nl":"https:\/\/pinterest.com\/shopify","pt-BR":"https:\/\/pinterest.com\/shopify","pt-PT":"https:\/\/pinterest.com\/shopify","sv":"https:\/\/www.pinterest.com\/shopify","th":"https:\/\/pinterest.com\/shopify","zh-CN":"https:\/\/pinterest.com\/shopify","zh-TW":"https:\/\/pinterest.com\/shopify"}},{"type":"text","id":"social_instagram_link","label":{"da":"Instagram","de":"Instagram","en":"Instagram","es":"Instagram","fi":"Instagram","fr":"Instagram","hi":"Instagram","it":"Instagram","ja":"Instagram","ko":"Instagram","nb":"Instagram","nl":"Instagram","pt-BR":"Instagram","pt-PT":"Instagram","sv":"Instagram","th":"Instagram","zh-CN":"Instagram","zh-TW":"Instagram"},"info":{"da":"http:\/\/instagram.com\/shopify","de":"http:\/\/instagram.com\/shopify","en":"http:\/\/instagram.com\/shopify","es":"http:\/\/instagram.com\/shopify","fi":"https:\/\/instagram.com\/shopify","fr":"http:\/\/instagram.com\/shopify","hi":"http:\/\/instagram.com\/shopify","it":"http:\/\/instagram.com\/shopify","ja":"http:\/\/instagram.com\/shopify","ko":"http:\/\/instagram.com\/shopify","nb":"http:\/\/instagram.com\/shopify","nl":"http:\/\/instagram.com\/shopify","pt-BR":"http:\/\/instagram.com\/shopify","pt-PT":"http:\/\/instagram.com\/shopify","sv":"https:\/\/instagram.com\/shopify","th":"http:\/\/instagram.com\/shopify","zh-CN":"http:\/\/instagram.com\/shopify","zh-TW":"http:\/\/instagram.com\/shopify"}},{"type":"text","id":"social_tumblr_link","label":{"da":"Tumblr","de":"Tumblr","en":"Tumblr","es":"Tumblr","fi":"Tumblr","fr":"Tumblr","hi":"Tumblr","it":"Tumblr","ja":"Tumblr","ko":"Tumblr","nb":"Tumblr","nl":"Tumblr","pt-BR":"Tumblr","pt-PT":"Tumblr","sv":"Tumblr","th":"Tumblr","zh-CN":"Tumblr","zh-TW":"Tumblr"},"info":{"da":"http:\/\/shopify.tumblr.com","de":"http:\/\/shopify.tumblr.com","en":"http:\/\/shopify.tumblr.com","es":"http:\/\/shopify.tumblr.com","fi":"http:\/\/shopify.tumblr.com","fr":"http:\/\/shopify.tumblr.com","hi":"http:\/\/shopify.tumblr.com","it":"http:\/\/shopify.tumblr.com","ja":"http:\/\/shopify.tumblr.com","ko":"http:\/\/shopify.tumblr.com","nb":"http:\/\/shopify.tumblr.com","nl":"http:\/\/shopify.tumblr.com","pt-BR":"http:\/\/shopify.tumblr.com","pt-PT":"http:\/\/shopify.tumblr.com","sv":"http:\/\/shopify.tumblr.com","th":"http:\/\/shopify.tumblr.com","zh-CN":"http:\/\/shopify.tumblr.com","zh-TW":"http:\/\/shopify.tumblr.com"}},{"type":"text","id":"social_snapchat_link","label":{"da":"Snapchat","de":"Snapchat","en":"Snapchat","es":"Snapchat","fi":"Snapchat","fr":"Snapchat","hi":"Snapchat","it":"Snapchat","ja":"Snapchat","ko":"Snapchat","nb":"Snapchat","nl":"Snapchat","pt-BR":"Snapchat","pt-PT":"Snapchat","sv":"Snapchat","th":"Snapchat","zh-CN":"Snapchat","zh-TW":"Snapchat"},"info":{"da":"https:\/\/www.snapchat.com\/add\/shopify","de":"https:\/\/www.snapchat.com\/add\/shopify","en":"https:\/\/www.snapchat.com\/add\/shopify","es":"https:\/\/www.snapchat.com\/add\/shopify","fi":"https:\/\/www.snapchat.com\/add\/shopify","fr":"https:\/\/www.snapchat.com\/add\/shopify","hi":"https:\/\/www.snapchat.com\/add\/shopify","it":"https:\/\/www.snapchat.com\/add\/shopify","ja":"https:\/\/www.snapchat.com\/add\/shopify","ko":"https:\/\/www.snapchat.com\/add\/shopify","nb":"https:\/\/snapchat.com\/add\/shopify","nl":"https:\/\/www.snapchat.com\/add\/shopify","pt-BR":"https:\/\/www.snapchat.com\/add\/shopify","pt-PT":"https:\/\/www.snapchat.com\/add\/shopify","sv":"https:\/\/www.snapchat.com\/add\/shopify","th":"https:\/\/www.snapchat.com\/add\/shopify","zh-CN":"https:\/\/www.snapchat.com\/add\/shopify","zh-TW":"https:\/\/www.snapchat.com\/add\/shopify"}},{"type":"text","id":"social_youtube_link","label":{"da":"YouTube","de":"YouTube","en":"YouTube","es":"Youtube","fi":"YouTube","fr":"YouTube","hi":"YouTube","it":"YouTube","ja":"YouTube","ko":"YouTube","nb":"YouTube","nl":"YouTube","pt-BR":"YouTube","pt-PT":"YouTube","sv":"YouTube","th":"YouTube","zh-CN":"YouTube","zh-TW":"YouTube"},"info":{"da":"https:\/\/www.youtube.com\/shopify","de":"https:\/\/www.youtube.com\/shopify","en":"https:\/\/www.youtube.com\/shopify","es":"https:\/\/www.youtube.com\/shopify","fi":"https:\/\/facebook.com\/shopify","fr":"https:\/\/www.youtube.com\/shopify","hi":"https:\/\/www.youtube.com\/shopify","it":"https:\/\/www.youtube.com\/shopify","ja":"https:\/\/www.youtube.com\/shopify","ko":"https:\/\/www.youtube.com\/shopify","nb":"https:\/\/www.youtube.com\/shopify","nl":"https:\/\/www.youtube.com\/shopify","pt-BR":"https:\/\/www.youtube.com\/shopify","pt-PT":"https:\/\/www.youtube.com\/shopify","sv":"https:\/\/www.youtube.com\/user\/shopify","th":"https:\/\/www.youtube.com\/shopify","zh-CN":"https:\/\/www.youtube.com\/shopify","zh-TW":"https:\/\/www.youtube.com\/shopify"}},{"type":"text","id":"social_vimeo_link","label":{"da":"Vimeo","de":"Vimeo","en":"Vimeo","es":"Vimeo","fi":"Vimeo","fr":"Vimeo","hi":"Vimeo","it":"Vimeo","ja":"Vimeo","ko":"Vimeo","nb":"Vimeo","nl":"Vimeo","pt-BR":"Vimeo","pt-PT":"Vimeo","sv":"Vimeo","th":"Vimeo","zh-CN":"Vimeo","zh-TW":"Vimeo"},"info":{"da":"https:\/\/vimeo.com\/shopify","de":"https:\/\/vimeo.com\/shopify","en":"https:\/\/vimeo.com\/shopify","es":"https:\/\/vimeo.com\/shopify","fi":"https:\/\/vimeo.com\/shopify","fr":"https:\/\/vimeo.com\/shopify","hi":"https:\/\/vimeo.com\/shopify","it":"https:\/\/vimeo.com\/shopify","ja":"https:\/\/vimeo.com\/shopify","ko":"https:\/\/vimeo.com\/shopify","nb":"https:\/\/vimeo.com\/shopify","nl":"https:\/\/vimeo.com\/shopify","pt-BR":"https:\/\/vimeo.com\/shopify","pt-PT":"https:\/\/vimeo.com\/shopify","sv":"https:\/\/vimeo.com\/shopify","th":"https:\/\/vimeo.com\/shopify","zh-CN":"https:\/\/vimeo.com\/shopify","zh-TW":"https:\/\/vimeo.com\/shopify"}}]},{"name":"Upselling","settings":[{"type":"html","id":"upsellList","label":"Upsell List","info":"Example if you would like to upsell a flavour product type when theres a flavour blaster gun in their cart.  Flavour Gun:Flavour. Seperate by comma if you would like to add more."}]},{"name":"USPS","settings":[{"type":"header","content":"Product Page"},{"type":"paragraph","content":"USP: 1"},{"type":"richtext","id":"productUSP1Text","label":"Text"},{"type":"html","id":"productUSP1SVG","label":"SVG Code","info":"Add raw SVG code"},{"type":"text","id":"productUSP1FAIconClass","label":"FA Icon Class","info":"Add Font Awesome class here."},{"type":"paragraph","content":"USP: 2"},{"type":"richtext","id":"productUSP2Text","label":"Text"},{"type":"html","id":"productUSP2SVG","label":"SVG Code","info":"Add raw SVG code"},{"type":"text","id":"productUSP2FAIconClass","label":"FA Icon Class","info":"Add Font Awesome class here."},{"type":"paragraph","content":"USP: 3"},{"type":"richtext","id":"productUSP3Text","label":"Text"},{"type":"html","id":"productUSP3SVG","label":"SVG Code","info":"Add raw SVG code"},{"type":"text","id":"productUSP3FAIconClass","label":"FA Icon Class","info":"Add Font Awesome class here."}]},{"name":"VAT","settings":[{"type":"header","content":"Product Page"},{"type":"text","id":"vatMessageText","label":"Message: Text","default":"UK customers VAT included "},{"type":"richtext","id":"vatMessageToolTipText","label":"ToolTip: Text","default":"<p>SHIPPING COSTS TO LOCATIONS OUTSIDE OF THE UK<\/p><p><strong>DOES NOT INCLUDE IMPORT FEE \/ DUTY \/ TAX<\/strong><\/p>"}]}]